{"cameraMode":{"drawMode":0,"name":"Shaded","section":"Shading Mode"},"sceneLighting":true,"audioPlay":false,"sceneViewState":{"m_AlwaysRefresh":false,"showFog":true,"showSkybox":true,"showFlares":true,"showImageEffects":true,"showParticleSystems":true,"showVisualEffectGraphs":true,"m_FxEnabled":true},"in2DMode":false,"pivot":{"x":691.3773193359375,"y":276.62750244140627,"z":-63.853759765625},"rotation":{"x":0.12226925045251847,"y":0.18641094863414765,"z":-0.023387348279356958,"w":0.9745535850524902},"size":310.16009521484377,"orthographic":false}